use bd_Faculdade_1;
set SQL_SAFE_UPDATES = 0;

insert into AREA (cod_area, nom_area) values (1, 'HUMANAS');
insert into AREA (cod_area, nom_area) values (2, 'CIENCIAS TECNOLOGICAS');
insert into AREA (cod_area, nom_area) values (3, 'CIENCIAS DA SAUDE');
insert into AREA (cod_area, nom_area) values (4, 'CIENCIAS SOCIAIS');


insert into DEPARTAMENTO (cod_depto, des_depto, cod_area) values (1, 'COMPUTACAO',2);
insert into DEPARTAMENTO (cod_depto, des_depto, cod_area) values (2, 'ENG. CIVIL',2);
insert into DEPARTAMENTO (cod_depto, des_depto, cod_area) values (3, 'ENG. ELETRICA',2);
insert into DEPARTAMENTO (cod_depto, des_depto, cod_area) values (4, 'LETRAS',1);
insert into DEPARTAMENTO (cod_depto, des_depto, cod_area) values (5, 'FILOSOFIA',1);
insert into DEPARTAMENTO (cod_depto, des_depto, cod_area) values (6, 'MEDICINA',3);
insert into DEPARTAMENTO (cod_depto, des_depto, cod_area) values (7, 'ENFERMAGEM',3);
insert into DEPARTAMENTO (cod_depto, des_depto, cod_area) values (8, 'ODONTOLOGIA',3);
insert into DEPARTAMENTO (cod_depto, des_depto, cod_area) values (9, 'DIREITO',4);
insert into DEPARTAMENTO (cod_depto, des_depto, cod_area) values (10, 'CONTABILIDADE',4);


insert into ALUNO (mat_aluno,nom_aluno,end_aluno,tip_sexo) values (1,'ANDREA ALMEIDA','RUA A','F');
insert into ALUNO (mat_aluno,nom_aluno,end_aluno,tip_sexo) values (2,'PEDRO ALCANTARA','RUA B','M');
insert into ALUNO (mat_aluno,nom_aluno,end_aluno,tip_sexo) values (3,'FRANCISCO TIANO','RUA C','M');
insert into ALUNO (mat_aluno,nom_aluno,end_aluno,tip_sexo) values (4,'FRANCISCO VANDERLAN','RUA A','M');
insert into ALUNO (mat_aluno,nom_aluno,end_aluno,tip_sexo) values (5,'THACILA MARIA','RUA D','F');
insert into ALUNO (mat_aluno,nom_aluno,end_aluno,tip_sexo) values (6,'LEONARDO AMORIM','RUA E','M') ;
insert into ALUNO (mat_aluno,nom_aluno,end_aluno,tip_sexo) values (7,'JULIA ALMEIDA','RUA F','F') ;
insert into ALUNO (mat_aluno,nom_aluno,end_aluno,tip_sexo) values (8,'CARLOS ESTEVAO','RUA G','M') ;
insert into ALUNO (mat_aluno,nom_aluno,end_aluno,tip_sexo) values (9,'MARISE CRISTIANE','RUA H','F');
insert into ALUNO (mat_aluno,nom_aluno,end_aluno,tip_sexo) values (10,'ANTONIO TEIXEIRA','RUA I','M') ;
insert into ALUNO (mat_aluno,nom_aluno,end_aluno,tip_sexo) values (11,'ANILTON MENDES','RUA J','M') ;
insert into ALUNO (mat_aluno,nom_aluno,end_aluno,tip_sexo) values (12,'CLOVIS DA SILVA','RUA K','M')    ;
insert into ALUNO (mat_aluno,nom_aluno,end_aluno,tip_sexo) values (13,'JOSE ELTON RODRIGUES','RUA L','M');
insert into ALUNO (mat_aluno,nom_aluno,end_aluno,tip_sexo) values (14,'SANDRO MARCIO','RUA A','M') ;
insert into ALUNO (mat_aluno,nom_aluno,end_aluno,tip_sexo) values (15,'RAULINO STRAGLIOTTO','RUA N','M');
insert into ALUNO (mat_aluno,nom_aluno,end_aluno,tip_sexo) values (16,'DIEGO DA SILVA','RUA A','M') ;
insert into ALUNO (mat_aluno,nom_aluno,end_aluno,tip_sexo) values (17,'GUSTAVO BASTOS','RUA N','M');


insert into PROFESSOR (mat_prof, nom_prof, end_prof,   tip_sexo, vlr_salario) values (1,'ALEXANDRA GOMES MARINHO','AV 1','F',100);
insert into PROFESSOR (mat_prof, nom_prof, end_prof,   tip_sexo, vlr_salario) values (2,'ANA FLAVIA MARINHO DE LIMA','AV 2','F',100);
insert into PROFESSOR (mat_prof, nom_prof, end_prof,   tip_sexo, vlr_salario) values (3,'ANDRE BARROS PEREIRA','AV 3','M',100);
insert into PROFESSOR (mat_prof, nom_prof, end_prof,   tip_sexo, vlr_salario) values (4,'ANTONIO LUIZ DE OLIVEIRA BARRETO','AV 1','M',100);
insert into PROFESSOR (mat_prof, nom_prof, end_prof,   tip_sexo, vlr_salario) values (5,'ATSLANDS REGO DA ROCHA','AV 4','M',100);
insert into PROFESSOR (mat_prof, nom_prof, end_prof,   tip_sexo, vlr_salario) values (6,'CARLOS ARTUR SOBREIRA ROCHA','AV 5','M',100);
insert into PROFESSOR (mat_prof, nom_prof, end_prof,   tip_sexo, vlr_salario) values (7,'ELIESER SALES PEREIRA','AV 6','M',100);
insert into PROFESSOR (mat_prof, nom_prof, end_prof,   tip_sexo, vlr_salario) values (8,'EMANUELE MARQUES','AV 7','F',100);
insert into PROFESSOR (mat_prof, nom_prof, end_prof,   tip_sexo, vlr_salario) values (9,'ERICA ATEM GONCALVES DE ARAUJO COSTA','AV 8','M',100);
insert into PROFESSOR (mat_prof, nom_prof, end_prof,   tip_sexo, vlr_salario) values (10,'FERNANDO SOARES DE SIQUEIRA','AV 9','M',100);
insert into PROFESSOR (mat_prof, nom_prof, end_prof,   tip_sexo, vlr_salario) values (11,'FRANCISCO ALBERTO L. DE OLIVEIRA','AV 1','M',100);
insert into PROFESSOR (mat_prof, nom_prof, end_prof,   tip_sexo, vlr_salario) values (12,'GERARDO VALDISIO VIANA','AV 10','M',100);
insert into PROFESSOR (mat_prof, nom_prof, end_prof,   tip_sexo, vlr_salario) values (13,'JOSE LASSANCE DE CASTRO SILVA','AV 1','M',100);
insert into PROFESSOR (mat_prof, nom_prof, end_prof,   tip_sexo, vlr_salario) values (14,'JOSE LEUDO MAIA','AV 11','M',100);
insert into PROFESSOR (mat_prof, nom_prof, end_prof,   tip_sexo, vlr_salario) values (15,'JOSE LUIZ SOUSA LIMA','AV 12','M',100);
insert into PROFESSOR (mat_prof, nom_prof, end_prof,   tip_sexo, vlr_salario) values (16,'MAGDA ROCHA PAMPLONA','AV 13','F',100);
insert into PROFESSOR (mat_prof, nom_prof, end_prof,   tip_sexo, vlr_salario) values (17,'MARCUS RODRIGUES','AV 14','M',100);
insert into PROFESSOR (mat_prof, nom_prof, end_prof,   tip_sexo, vlr_salario) values (18,'MARIA ENEIDE LIMA ARAUJO','AV 15','F',100);
insert into PROFESSOR (mat_prof, nom_prof, end_prof,   tip_sexo, vlr_salario) values (19,'MATEUS MOSCA VIANA','AV 16','M',100);
insert into PROFESSOR (mat_prof, nom_prof, end_prof,   tip_sexo, vlr_salario) values (20,'PAULO CESAR DE ALMEIDA','AV 17','M',100);
insert into PROFESSOR (mat_prof, nom_prof, end_prof,   tip_sexo, vlr_salario) values (21,'REJANE ALBUQUERQUE LIMA BRAGA','AV 18','F',100);
insert into PROFESSOR (mat_prof, nom_prof, end_prof,   tip_sexo, vlr_salario) values (22,'RENATO CRAVEIRO DE SOUZA','AV 19','M',100);
insert into PROFESSOR (mat_prof, nom_prof, end_prof,   tip_sexo, vlr_salario) values (23,'ROBERTO DE ALMEIDA FAÇANHA','AV 20','M',100);
insert into PROFESSOR (mat_prof, nom_prof, end_prof,   tip_sexo, vlr_salario) values (24,'VALNEIDE CABRAL','AV 21','F',100);


insert into DISCIPLINA (cod_disc, des_disc, cod_disc_pre_req, cod_depto) values	(101,'TÓPICOS EM SISTEMAS OPERACIONAIS',null,1);
insert into DISCIPLINA (cod_disc, des_disc, cod_disc_pre_req, cod_depto) values	(102,'METODOLOGIA CIENTÍFICA',null,1);
insert into DISCIPLINA (cod_disc, des_disc, cod_disc_pre_req, cod_depto) values	(103,'INGLÊS TÉCNICO',null,1);
insert into DISCIPLINA (cod_disc, des_disc, cod_disc_pre_req, cod_depto) values	(104,'INTRODUÇÃO À INFORMÁTICA',null,1);
insert into DISCIPLINA (cod_disc, des_disc, cod_disc_pre_req, cod_depto) values	(105,'INTRODUÇÃO À PROGRAMAÇÃO',null,1);
insert into DISCIPLINA (cod_disc, des_disc, cod_disc_pre_req, cod_depto) values	(106,'MATEMÁTICA I',null,1);
insert into DISCIPLINA (cod_disc, des_disc, cod_disc_pre_req, cod_depto) values	(201,'ESTATÍSTICA BÁSICA',null,1);
insert into DISCIPLINA (cod_disc, des_disc, cod_disc_pre_req, cod_depto) values	(202 ,'LABORATÓRIO DE PROGRAMAÇÃO I', 105,1);
insert into DISCIPLINA (cod_disc, des_disc, cod_disc_pre_req, cod_depto) values	(203,'LÓGICA MATEMÁTICA', 104,1);
insert into DISCIPLINA (cod_disc, des_disc, cod_disc_pre_req, cod_depto) values	(204,'MATEMÁTICA II', 106,1);
insert into DISCIPLINA (cod_disc, des_disc, cod_disc_pre_req, cod_depto) values	(205,'TÉCNICAS DE PROGRAMAÇÃO I', 105,1);
insert into DISCIPLINA (cod_disc, des_disc, cod_disc_pre_req, cod_depto) values	(301,'ARQUITETURA DE COMPUTADORES', 104,1);
insert into DISCIPLINA (cod_disc, des_disc, cod_disc_pre_req, cod_depto) values	(302,'BANCO DE DADOS I', 202,1);
insert into DISCIPLINA (cod_disc, des_disc, cod_disc_pre_req, cod_depto) values	(303,'MÉTODOS NUMÉRICOS', 204,1);
insert into DISCIPLINA (cod_disc, des_disc, cod_disc_pre_req, cod_depto) values	(304,'TÉCNICAS DE PROGRAMAÇÃO II', 205,1);
insert into DISCIPLINA (cod_disc, des_disc, cod_disc_pre_req, cod_depto) values	(305,'ELETRICIDADE E ELETRÔNICA DIGITAL', 106,1);
insert into DISCIPLINA (cod_disc, des_disc, cod_disc_pre_req, cod_depto) values	(401,'LABORATÓRIO DE PROGRAMAÇÃO II', 202,1);
insert into DISCIPLINA (cod_disc, des_disc, cod_disc_pre_req, cod_depto) values	(402,'ESTATÍSTICA COMPUTACIONAL', 201,1);
insert into DISCIPLINA (cod_disc, des_disc, cod_disc_pre_req, cod_depto) values	(403,'SISTEMAS OPERACIONAIS', 301,1);
insert into DISCIPLINA (cod_disc, des_disc, cod_disc_pre_req, cod_depto) values	(404,'ECONOMIA E FINANÇAS',null,1);
insert into DISCIPLINA (cod_disc, des_disc, cod_disc_pre_req, cod_depto) values	(405,'MATEMÁTICA DISCRETA', 203,1);
insert into DISCIPLINA (cod_disc, des_disc, cod_disc_pre_req, cod_depto) values	(501,'BANCOS DE DADOS II', 302,1);
insert into DISCIPLINA (cod_disc, des_disc, cod_disc_pre_req, cod_depto) values	(502,'ANÁLISE E PROJETO DE SISTEMAS', 304,1);
insert into DISCIPLINA (cod_disc, des_disc, cod_disc_pre_req, cod_depto) values	(503,'PROGRAMAÇÃO LINEAR', 303,1);
insert into DISCIPLINA (cod_disc, des_disc, cod_disc_pre_req, cod_depto) values	(504,'REDES DE COMPUTADORES', 403,1);
insert into DISCIPLINA (cod_disc, des_disc, cod_disc_pre_req, cod_depto) values	(505,'FUNDAMENTOS DE ADMINISTRAÇÃO',null,1);
insert into DISCIPLINA (cod_disc, des_disc, cod_disc_pre_req, cod_depto) values	(601,'TEORIA DA COMPUTAÇÃO', 405,1);
insert into DISCIPLINA (cod_disc, des_disc, cod_disc_pre_req, cod_depto) values	(602,'ÉTICA GERAL E PROFISSIONAL',null,1);
insert into DISCIPLINA (cod_disc, des_disc, cod_disc_pre_req, cod_depto) values	(603,'LINGUAGENS DE PROGRAMAÇÃO', 401,1);
insert into DISCIPLINA (cod_disc, des_disc, cod_disc_pre_req, cod_depto) values	(604,'TEORIA DOS GRAFOS', 202,1);
insert into DISCIPLINA (cod_disc, des_disc, cod_disc_pre_req, cod_depto) values	(605,'SISTEMAS DISTRIBUÍDOS', 501,1);
insert into DISCIPLINA (cod_disc, des_disc, cod_disc_pre_req, cod_depto) values	(701,'COMPUTADOR E SOCIEDADE',null,1);
insert into DISCIPLINA (cod_disc, des_disc, cod_disc_pre_req, cod_depto) values	(702,'CONSTRUÇÃO DE COMPILADORES', 601,1);
insert into DISCIPLINA (cod_disc, des_disc, cod_disc_pre_req, cod_depto) values	(703,'COMPUTAÇÃO GRÁFICA', 401,1);
insert into DISCIPLINA (cod_disc, des_disc, cod_disc_pre_req, cod_depto) values	(704,'PESQUISA OPERACIONAL', 503,1);
insert into DISCIPLINA (cod_disc, des_disc, cod_disc_pre_req, cod_depto) values	(705,'ENGENHARIA DE SOFTWARE', 502,1);
insert into DISCIPLINA (cod_disc, des_disc, cod_disc_pre_req, cod_depto) values	(706,'ESTÁGIO',null,1);
insert into DISCIPLINA (cod_disc, des_disc, cod_disc_pre_req, cod_depto) values	(801,'OTIMIZAÇÃO COMBINATÓRIA', 503,1);
insert into DISCIPLINA (cod_disc, des_disc, cod_disc_pre_req, cod_depto) values	(802,'INTELIGÊNCIA ARTIFICIAL', 202,1);
insert into DISCIPLINA (cod_disc, des_disc, cod_disc_pre_req, cod_depto) values	(803,'GERÊNCIA DE PROJETO', 501,1);
insert into DISCIPLINA (cod_disc, des_disc, cod_disc_pre_req, cod_depto) values	(804,'EMPREENDEDORISMO', 705,1);
insert into DISCIPLINA (cod_disc, des_disc, cod_disc_pre_req, cod_depto) values	(805,'TÓPICOS EM COMPUTAÇÃO',null,1);
insert into DISCIPLINA (cod_disc, des_disc, cod_disc_pre_req, cod_depto) values	(806,'MONOGRAFIA',null,4);

update DISCIPLINA set mat_prof = 1 where cod_disc= 101;
update DISCIPLINA set mat_prof = 2 where cod_disc= 102;
update DISCIPLINA set mat_prof = 3 where cod_disc= 103;
update DISCIPLINA set mat_prof = 4 where cod_disc= 104;
update DISCIPLINA set mat_prof = 5 where cod_disc= 105;
update DISCIPLINA set mat_prof = 6 where cod_disc= 106;
update DISCIPLINA set mat_prof = 7 where cod_disc= 201; 
update DISCIPLINA set mat_prof = 8 where cod_disc= 202;
update DISCIPLINA set mat_prof = 9 where cod_disc= 203;
update DISCIPLINA set mat_prof = 10 where cod_disc= 204;
update DISCIPLINA set mat_prof = 11 where cod_disc= 205;
update DISCIPLINA set mat_prof = 12 where cod_disc= 301;
update DISCIPLINA set mat_prof = 13 where cod_disc= 302;
update DISCIPLINA set mat_prof = 14 where cod_disc= 303;
update DISCIPLINA set mat_prof = 15 where cod_disc= 304;
update DISCIPLINA set mat_prof = 16 where cod_disc= 305;
update DISCIPLINA set mat_prof = 17 where cod_disc= 401;
update DISCIPLINA set mat_prof = 18 where cod_disc= 402;
update DISCIPLINA set mat_prof = 19 where cod_disc= 403;
update DISCIPLINA set mat_prof = 20 where cod_disc= 404;
update DISCIPLINA set mat_prof = 21 where cod_disc= 405;
update DISCIPLINA set mat_prof = 22 where cod_disc= 501;
update DISCIPLINA set mat_prof = 23 where cod_disc= 502;
update DISCIPLINA set mat_prof = 24 where cod_disc= 503;
update DISCIPLINA set mat_prof = 4 where cod_disc= 504;
update DISCIPLINA set mat_prof = 5 where cod_disc= 505;
update DISCIPLINA set mat_prof = 7 where cod_disc= 601;
update DISCIPLINA set mat_prof = 8 where cod_disc= 602;
update DISCIPLINA set mat_prof = 9 where cod_disc= 603;
update DISCIPLINA set mat_prof = 10 where cod_disc= 604;
update DISCIPLINA set mat_prof = 10 where cod_disc= 605;
update DISCIPLINA set mat_prof = 12 where cod_disc= 701;
update DISCIPLINA set mat_prof = 13 where cod_disc= 702;
update DISCIPLINA set mat_prof = 14 where cod_disc= 703;
update DISCIPLINA set mat_prof = 15 where cod_disc= 704;
update DISCIPLINA set mat_prof = 16 where cod_disc= 705;
update DISCIPLINA set mat_prof = 10 where cod_disc= 706;
update DISCIPLINA set mat_prof = 17 where cod_disc= 801;
update DISCIPLINA set mat_prof = 18 where cod_disc= 802;
update DISCIPLINA set mat_prof = 19 where cod_disc= 803;
update DISCIPLINA set mat_prof = 20 where cod_disc= 804;
update DISCIPLINA set mat_prof = 21 where cod_disc= 805;
update DISCIPLINA set mat_prof = 9 where cod_disc= 806;

insert into ALUNODISCIPLINA (mat_aluno, cod_disc) values (1,302);
insert into ALUNODISCIPLINA (mat_aluno, cod_disc) values (3,302);
insert into ALUNODISCIPLINA (mat_aluno, cod_disc) values (5,302);
insert into ALUNODISCIPLINA (mat_aluno, cod_disc) values (7,302);
insert into ALUNODISCIPLINA (mat_aluno, cod_disc) values (8,302);
insert into ALUNODISCIPLINA (mat_aluno, cod_disc) values (10,302);
insert into ALUNODISCIPLINA (mat_aluno, cod_disc) values (11,302);
insert into ALUNODISCIPLINA (mat_aluno, cod_disc) values (12,302);
insert into ALUNODISCIPLINA (mat_aluno, cod_disc) values (13,302);
insert into ALUNODISCIPLINA (mat_aluno, cod_disc) values (15,302);
insert into ALUNODISCIPLINA (mat_aluno, cod_disc) values (2,202);
insert into ALUNODISCIPLINA (mat_aluno, cod_disc) values (4,202);
insert into ALUNODISCIPLINA (mat_aluno, cod_disc) values (7,202);
insert into ALUNODISCIPLINA (mat_aluno, cod_disc) values (8,202);
insert into ALUNODISCIPLINA (mat_aluno, cod_disc) values (10,202);
insert into ALUNODISCIPLINA (mat_aluno, cod_disc) values (16,801);
insert into ALUNODISCIPLINA (mat_aluno, cod_disc) values (17,801);
