use bd_empresa_basico;
insert into empregado (cpf,nome,endereco,sexo,sal_emp) values ( 1,'FERNANDO SOARES DE SIQUEIRA','RUA A','M',5000);
insert into empregado (cpf,nome,endereco,sexo,sal_emp) values ( 2,'ANA FLAVIA MARINHO DE LIMA','AV 2','F',1040);
insert into empregado (cpf,nome,endereco,sexo,sal_emp) values ( 3,'ANDRE BARROS PEREIRA','AV 3','M',1100);
insert into empregado (cpf,nome,endereco,sexo,sal_emp) values ( 4,'ANTONIO LUIZ DE OLIVEIRA BARRETO','AV 1','M',1500);
insert into empregado (cpf,nome,endereco,sexo,sal_emp) values ( 5,'ATSLANDS REGO DA ROCHA','AV 4','M',1200);
insert into empregado (cpf,nome,endereco,sexo,sal_emp) values ( 6,'CARLOS ARTUR SOBREIRA ROCHA','AV 5','M',400);
insert into empregado (cpf,nome,endereco,sexo,sal_emp) values ( 7,'ELIESER SALES PEREIRA','AV 6','M',1050);
insert into empregado (cpf,nome,endereco,sexo,sal_emp) values ( 8,'EMANUELE MARQUES','AV 7','F',940);
insert into empregado (cpf,nome,endereco,sexo,sal_emp) values ( 9,'ERICA ATEM GONCALVES DE ARAUJO COSTA','AV 8','M',100);
insert into empregado (cpf,nome,endereco,sexo,sal_emp) values (10,'JOAO JOSE DA SILVA XAVIER','AV 9','M',1080);
insert into empregado (cpf,nome,endereco,sexo,sal_emp) values (11,'FRANCISCO ALBERTO L. DE OLIVEIRA','AV 1','M',750);
insert into empregado (cpf,nome,endereco,sexo,sal_emp) values (12,'GERARDO VALDISIO VIANA','AV 10','M',1250);
insert into empregado (cpf,nome,endereco,sexo,sal_emp) values (13,'JOSE LASSANCE DE CASTRO SILVA','AV 1','M',1000);
insert into empregado (cpf,nome,endereco,sexo,sal_emp) values (14,'JOSE LEUDO MAIA','AV 11','M',1380);
insert into empregado (cpf,nome,endereco,sexo,sal_emp) values (15,'JOSE LUIZ SOUSA LIMA','AV 12','M',1340);
insert into empregado (cpf,nome,endereco,sexo,sal_emp) values (16,'MAGDA ROCHA PAMPLONA','AV 13','F',800);
insert into empregado (cpf,nome,endereco,sexo,sal_emp) values (17,'MARCUS RODRIGUES','AV 14','M',700);
insert into empregado (cpf,nome,endereco,sexo,sal_emp) values (18,'MARIA ENEIDE LIMA ARAUJO','AV 15','F',650);
insert into empregado (cpf,nome,endereco,sexo,sal_emp) values (19,'MATEUS MOSCA VIANA','AV 16','M',400);
insert into empregado (cpf,nome,endereco,sexo,sal_emp) values (20,'PAULO CESAR DE ALMEIDA','AV 17','M',970);
insert into empregado (cpf,nome,endereco,sexo,sal_emp) values (21,'REJANE ALBUQUERQUE LIMA BRAGA','AV 18','F',600);
insert into empregado (cpf,nome,endereco,sexo,sal_emp) values (22,'RENATO CRAVEIRO DE SOUZA','AV 19','M',800);
insert into empregado (cpf,nome,endereco,sexo,sal_emp) values (23,'ROBERTO DE ALMEIDA FAÇANHA','AV 20','M',900);
insert into empregado (cpf,nome,endereco,sexo,sal_emp) values (24,'VALNEIDE CABRAL','AV 21','F',1000);

insert into departamento (numero_departamento, nome_departamento, cpf_gerente) values (1, 'INFORMATICA',1);
insert into departamento (numero_departamento, nome_departamento, cpf_gerente) values (2, 'VENDAS',2);
insert into departamento (numero_departamento, nome_departamento, cpf_gerente) values (3, 'COMPRAS',3);
insert into departamento (numero_departamento, nome_departamento, cpf_gerente) values (4, 'ALMOXARIFADO',4);
insert into departamento (numero_departamento, nome_departamento, cpf_gerente) values (5, 'ADMINISTRATIVO',5);
insert into departamento (numero_departamento, nome_departamento, cpf_gerente) values (6, 'PRESIDENCIA',1);

insert into projeto (numero_projeto, nome_projeto, localizacao, depto_controlador) values (1,'DESENV. SISTEMA FP','ITAPIPOCA',1);
insert into projeto (numero_projeto, nome_projeto, localizacao, depto_controlador) values (2,'CONSTRUCAO DW','FORTALEZA', 2);
insert into projeto (numero_projeto, nome_projeto, localizacao, depto_controlador) values (3,'SEGURANCA CORPORATIVA','FORTALEZA',5);
insert into projeto (numero_projeto, nome_projeto, localizacao, depto_controlador) values (4,'BIG DATA','FORTALEZA',1);
insert into projeto (numero_projeto, nome_projeto, localizacao, depto_controlador) values (5,'NOVA WIFI','JUAZEIRO',1);
insert into projeto (numero_projeto, nome_projeto, localizacao, depto_controlador) values (6,'APP ALUNO','ITAPIPOCA',1);

insert into empregado_projeto (cpf_empregado, numero_projeto) values (10,1);
insert into empregado_projeto (cpf_empregado, numero_projeto) values (11,1);
insert into empregado_projeto (cpf_empregado, numero_projeto) values (12,1);
insert into empregado_projeto (cpf_empregado, numero_projeto) values (13,2);
insert into empregado_projeto (cpf_empregado, numero_projeto) values (14,2);
insert into empregado_projeto (cpf_empregado, numero_projeto) values (15,2);
insert into empregado_projeto (cpf_empregado, numero_projeto) values (16,3);
insert into empregado_projeto (cpf_empregado, numero_projeto) values (17,3);
insert into empregado_projeto (cpf_empregado, numero_projeto) values (18,3);
insert into empregado_projeto (cpf_empregado, numero_projeto) values (19,1);
insert into empregado_projeto (cpf_empregado, numero_projeto) values (20,2);
insert into empregado_projeto (cpf_empregado, numero_projeto) values (21,3);



insert into  dependente (cod_dependente, cpf_empregado, nome_dependente, sexo, parentesco) values (1,2,'AISLAN JUSTINO DIAS','M','FILHO');
insert into  dependente (cod_dependente, cpf_empregado, nome_dependente, sexo, parentesco) values (2,2,'ANTONIO GUSTAVO ALVES FERNANDES FILHO','M','CONJUGE');
insert into  dependente (cod_dependente, cpf_empregado, nome_dependente, sexo, parentesco) values (3,2,'ARIOVALDO DE LIMA FERREIRA JUNIOR','M','CONJUGE');
insert into  dependente (cod_dependente, cpf_empregado, nome_dependente, sexo, parentesco) values (4,3,'BENJAMIN STUDART GURGEL NETO','M','SOGRA');
insert into  dependente (cod_dependente, cpf_empregado, nome_dependente, sexo, parentesco) values (5,3,'BRUNO EMANUEL GOMES MARTINS','M','CUNHADO');
insert into  dependente (cod_dependente, cpf_empregado, nome_dependente, sexo, parentesco) values (6,3,'CARLOS HENRIQUE DOS SANTOS UCHOA','M','ENTEADO');
insert into  dependente (cod_dependente, cpf_empregado, nome_dependente, sexo, parentesco) values (7,3,'CHARLES DUARTE DO NASCIMENTO','M','FILHO');
insert into  dependente (cod_dependente, cpf_empregado, nome_dependente, sexo, parentesco) values (8,3,'CLECIO DE SOUZA BARBOSA','M','CONJUGE');
insert into  dependente (cod_dependente, cpf_empregado, nome_dependente, sexo, parentesco) values (9,4,'CRYSTIANO JOSE DOS SANTOS','M','ENTEADO');
insert into  dependente (cod_dependente, cpf_empregado, nome_dependente, sexo, parentesco) values (10,2,'DARLAN DA SILVA MACHADO','M', 'CONJUGE');
insert into  dependente (cod_dependente, cpf_empregado, nome_dependente, sexo, parentesco) values (11,1,'DIVINA MARIA PENHA DE AGUIAR','F','FILHO');
insert into  dependente (cod_dependente, cpf_empregado, nome_dependente, sexo, parentesco) values (12,5,'FERNANDO TORCAPIO FERREIRA NETO','M','ENTEADO');
insert into  dependente (cod_dependente, cpf_empregado, nome_dependente, sexo, parentesco) values (13,5,'FRANCISCO OTAVIO LANDIM CONRADO','M','CUNHADO');
insert into  dependente (cod_dependente, cpf_empregado, nome_dependente, sexo, parentesco) values (14,5,'JAIRO CESAR MAIA SARAIVA LEAO','M','SOGRO');
insert into  dependente (cod_dependente, cpf_empregado, nome_dependente, sexo, parentesco) values (15,5,'JOAO DANIEL ALENCAR DE OLIVEIRA','M', 'PAI');
insert into  dependente (cod_dependente, cpf_empregado, nome_dependente, sexo, parentesco) values (16,6,'JOAO MARCELO VIDAL','M', 'PRIMO');
insert into  dependente (cod_dependente, cpf_empregado, nome_dependente, sexo, parentesco) values (17,7,'JOSE TIAGO RIBEIRO FILHO','M','FILHO');
insert into  dependente (cod_dependente, cpf_empregado, nome_dependente, sexo, parentesco) values (18,1,'JULIANA DA SILVA PASSOS','F','SOGRA');
insert into  dependente (cod_dependente, cpf_empregado, nome_dependente, sexo, parentesco) values (19,8,'LUIZ FERNANDO DE OLIVEIRA ROCHA','M','SOGRO');
insert into  dependente (cod_dependente, cpf_empregado, nome_dependente, sexo, parentesco) values (20,9,'MATHEUS JOSE GIRAO RIOS','M','FILHO');
insert into  dependente (cod_dependente, cpf_empregado, nome_dependente, sexo, parentesco) values (21,10,'MICHAEL JACKSON G. BEZERRA','M', 'ENTEADO');
insert into  dependente (cod_dependente, cpf_empregado, nome_dependente, sexo, parentesco) values (22,11,'PABLO LIMA BRAGA','M','CUNHADO');
insert into  dependente (cod_dependente, cpf_empregado, nome_dependente, sexo, parentesco) values (23,12,'RICARDO ADRYANO BEZERRA','M','CONJUGE');
insert into  dependente (cod_dependente, cpf_empregado, nome_dependente, sexo, parentesco) values (24,13,'THIAGO JOSE BATISTA DA SILVA','M','PRIMO');
insert into  dependente (cod_dependente, cpf_empregado, nome_dependente, sexo, parentesco) values (25,14,'VICTOR HUGO TAVARES SARAIVA','M','PAI');
insert into  dependente (cod_dependente, cpf_empregado, nome_dependente, sexo, parentesco) values (26,15,'WELLINGTON LUIS SENA SILVA','M', 'AVO');

update empregado set lotacao=5, data_nascimento ='1980/01/12' where cpf =  1;
update empregado set lotacao=2, data_nascimento ='1979/12/10' where cpf =  2;
update empregado set lotacao=2, data_nascimento ='1981/05/07' where cpf =  3;
update empregado set lotacao=3, data_nascimento ='1982/03/02' where cpf =  4;
update empregado set lotacao=4, data_nascimento ='1980/04/07' where cpf =  5;
update empregado set lotacao=1, data_nascimento ='1985/08/08' where cpf =  6;
update empregado set lotacao=1, data_nascimento ='1987/07/07' where cpf =  7;
update empregado set lotacao=2, data_nascimento ='1976/08/04' where cpf =  8;
update empregado set lotacao=3, data_nascimento ='1950/04/04' where cpf =  9;
update empregado set lotacao=4, data_nascimento ='1988/06/09' where cpf = 10;
update empregado set lotacao=5, data_nascimento ='1968/01/02' where cpf = 11;
update empregado set lotacao=6, data_nascimento ='1979/04/03' where cpf = 12;
update empregado set lotacao=6, data_nascimento ='1982/02/03' where cpf = 13;
update empregado set lotacao=6, data_nascimento ='1990/03/05' where cpf = 14;
update empregado set lotacao=1, data_nascimento ='1991/10/08' where cpf = 15;
update empregado set lotacao=2, data_nascimento ='1993/11/10' where cpf = 16;
update empregado set lotacao=3, data_nascimento ='1968/02/02' where cpf = 17;
update empregado set lotacao=4, data_nascimento ='1980/01/01' where cpf = 18;
update empregado set lotacao=5, data_nascimento ='1999/09/09' where cpf = 19;
update empregado set lotacao=6, data_nascimento ='2001/01/01' where cpf = 20;
update empregado set lotacao=1, data_nascimento ='2002/02/02' where cpf = 21;
update empregado set lotacao=1, data_nascimento ='2003/03/03' where cpf = 22;
update empregado set lotacao=2, data_nascimento ='2002/02/02' where cpf = 23;
update empregado set lotacao=2, data_nascimento ='2001/01/01' where cpf = 24;

